{
  "model_name": "XGBoost_default",
  "training_date": "2025-12-08T20:52:53.178253",
  "valid_metrics": {
    "ndcg@3": 0.9319552354163635,
    "ndcg@5": 0.9433808706119247,
    "ndcg@10": 0.9515574541092473,
    "hit_rate@3": 0.986060918946825,
    "hit_rate@5": 0.9940629839958699,
    "hit_rate@10": 0.9966442953020134,
    "precision@3": 0.45603166408535534,
    "precision@5": 0.2908105317501291,
    "precision@10": 0.19255107308798583,
    "mrr": 0.9558326367890125
  },
  "test_metrics": {
    "ndcg@3": 0.9286208093111787,
    "ndcg@5": 0.9408264158789624,
    "ndcg@10": 0.9499155331815528,
    "hit_rate@3": 0.9912887522418652,
    "hit_rate@5": 0.9983346143991801,
    "hit_rate@10": 0.9998718934153216,
    "precision@3": 0.45025194294986753,
    "precision@5": 0.28852165001281077,
    "precision@10": 0.19212571526176442,
    "mrr": 0.9531221913139668
  },
  "params": {
    "objective": "rank:ndcg",
    "eval_metric": "ndcg",
    "max_depth": 6,
    "learning_rate": 0.1,
    "subsample": 0.8,
    "colsample_bytree": 0.8,
    "min_child_weight": 1,
    "reg_alpha": 0.0,
    "reg_lambda": 1.0,
    "verbosity": 0,
    "seed": 42,
    "n_estimators": 500,
    "early_stopping_rounds": 50
  },
  "tuning_enabled": false,
  "tuning_trials": 0,
  "all_models": [
    "XGBoost_default",
    "PersonalFreq_0.2",
    "PersonalFreq_0.3",
    "PersonalFreq_0.5",
    "Popularity",
    "LightGBM_default"
  ]
}