{
  "model_name": "XGBoost_default",
  "training_date": "2025-12-13T23:03:06.016258",
  "valid_metrics": {
    "ndcg@1": 0.9615384615384616,
    "hit_rate@1": 0.9615384615384616,
    "precision@1": 0.9615384615384616,
    "ndcg@3": 0.971276297825743,
    "hit_rate@3": 0.9953536396489416,
    "precision@3": 0.48253312682842875,
    "ndcg@5": 0.9766084431521912,
    "hit_rate@5": 0.9966442953020134,
    "precision@5": 0.3035622096024781,
    "ndcg@10": 0.9789955023965972,
    "hit_rate@10": 0.9966442953020134,
    "precision@10": 0.19577771222066523,
    "mrr": 0.978381517811048
  },
  "test_metrics": {
    "ndcg@1": 0.9628490904432487,
    "hit_rate@1": 0.9628490904432487,
    "precision@1": 0.9628490904432487,
    "ndcg@3": 0.9728014181494766,
    "hit_rate@3": 0.9994875736612862,
    "precision@3": 0.47894781791784097,
    "ndcg@5": 0.9794071964601311,
    "hit_rate@5": 0.9998718934153216,
    "precision@5": 0.3027671022290546,
    "ndcg@10": 0.9815867086937355,
    "hit_rate@10": 0.9998718934153216,
    "precision@10": 0.19532837987872573,
    "mrr": 0.9806452301648305
  },
  "params": {
    "objective": "rank:ndcg",
    "eval_metric": "ndcg",
    "max_depth": 6,
    "learning_rate": 0.1,
    "subsample": 0.8,
    "colsample_bytree": 0.8,
    "min_child_weight": 1,
    "reg_alpha": 0.0,
    "reg_lambda": 1.0,
    "verbosity": 0,
    "seed": 42,
    "n_estimators": 500,
    "early_stopping_rounds": 50
  },
  "tuning_enabled": false,
  "tuning_trials": 0,
  "all_models": [
    "XGBoost_default",
    "PersonalFreq_0.2",
    "PersonalFreq_0.3",
    "PersonalFreq_0.5",
    "Popularity"
  ],
  "version": "discovery_optimized"
}